tid,jid,cpuReq,memReq,priority
0,6467460828,0.04187,0.9551,9
1,6467460828,0.04187,0.9551,9
