tid,jid,cpuReq,memReq,priority
0,6024393894,0.04187,0.9551,9
1,6024393894,0.04187,0.9551,9
