tid,jid,cpuReq,memReq,priority
0,6262216777,0.04187,0.9551,9
1,6262216777,0.04187,0.9551,9
