tid,jid,cpuReq,memReq,priority
65,4707865726,0.0625,0.01746,0
68,4707865726,0.0625,0.01746,0
69,4707865726,0.0625,0.01746,0
70,4707865726,0.0625,0.01746,0
73,4707865726,0.0625,0.01746,0
75,4707865726,0.0625,0.01746,0
76,4707865726,0.0625,0.01746,0
78,4707865726,0.0625,0.01746,0
80,4707865726,0.0625,0.01746,0
83,4707865726,0.0625,0.01746,0
85,4707865726,0.0625,0.01746,0
88,4707865726,0.0625,0.01746,0
89,4707865726,0.0625,0.01746,0
95,4707865726,0.0625,0.01746,0
96,4707865726,0.0625,0.01746,0
